<?xml version="1.0" encoding="UTF-8" standalone="yes"?>
<AssignMessage continueOnError="false" enabled="true" name="AM-PrintUserDetails">
  <DisplayName>AM-PrintUserDetails</DisplayName>
  <Properties/>
  <Copy source="request">
    <Headers/>
    <QueryParams/>
    <FormParams/>
    <Payload> </Payload>
    <Verb/>
    <StatusCode/>
    <ReasonPhrase/>
    <Path/>
  </Copy>
  <Remove>
    <Headers>
      <Header name="h1"/>
    </Headers>
    <QueryParams>
      <QueryParam name="q1"/>
    </QueryParams>
    <FormParams>
      <FormParam name="f1"/>
    </FormParams>
    <Payload> </Payload>
  </Remove>
  <Add>
    <Headers/>
    <QueryParams/>
    <FormParams/>
  </Add>
  <Set>
    <Headers/>
    <QueryParams/>
    <FormParams/>
    <!-- <Verb>GET</Verb> -->
    <Path/>
  </Set>
  <AssignVariable>
    <Name>name</Name>
    <Value/>
    <Ref/>
  </AssignVariable>
  <IgnoreUnresolvedVariables>true</IgnoreUnresolvedVariables>
  <AssignTo createNew="false" transport="http" type="request"/>
</AssignMessage>
